-- MySQL dump 10.19  Distrib 10.3.39-MariaDB, for debian-linux-gnu (x86_64)
--
-- Host: localhost    Database: dblogin5468
-- ------------------------------------------------------
-- Server version	10.3.39-MariaDB-0+deb10u1

/*!40101 SET @OLD_CHARACTER_SET_CLIENT=@@CHARACTER_SET_CLIENT */;
/*!40101 SET @OLD_CHARACTER_SET_RESULTS=@@CHARACTER_SET_RESULTS */;
/*!40101 SET @OLD_COLLATION_CONNECTION=@@COLLATION_CONNECTION */;
/*!40101 SET NAMES utf8mb4 */;
/*!40103 SET @OLD_TIME_ZONE=@@TIME_ZONE */;
/*!40103 SET TIME_ZONE='+00:00' */;
/*!40014 SET @OLD_UNIQUE_CHECKS=@@UNIQUE_CHECKS, UNIQUE_CHECKS=0 */;
/*!40014 SET @OLD_FOREIGN_KEY_CHECKS=@@FOREIGN_KEY_CHECKS, FOREIGN_KEY_CHECKS=0 */;
/*!40101 SET @OLD_SQL_MODE=@@SQL_MODE, SQL_MODE='NO_AUTO_VALUE_ON_ZERO' */;
/*!40111 SET @OLD_SQL_NOTES=@@SQL_NOTES, SQL_NOTES=0 */;

--
-- Table structure for table `auteur`
--

DROP TABLE IF EXISTS `auteur`;
/*!40101 SET @saved_cs_client     = @@character_set_client */;
/*!40101 SET character_set_client = utf8 */;
CREATE TABLE `auteur` (
  `idauteur` int(11) NOT NULL AUTO_INCREMENT,
  `nom` varchar(50) NOT NULL,
  `prenom` varchar(50) NOT NULL,
  PRIMARY KEY (`idauteur`)
) ENGINE=InnoDB AUTO_INCREMENT=36 DEFAULT CHARSET=latin1 COLLATE=latin1_swedish_ci;
/*!40101 SET character_set_client = @saved_cs_client */;

--
-- Dumping data for table `auteur`
--

LOCK TABLES `auteur` WRITE;
/*!40000 ALTER TABLE `auteur` DISABLE KEYS */;
INSERT INTO `auteur` VALUES (1,'Ak','Toriyama'),(2,'Daisuke ','Hagiwara'),(3,'Eiichiro','Oda'),(4,'Hajume','Komoto'),(5,'Kohei','Horikoshi'),(6,'Masashi ','Kishimoto'),(7,'Tite','Kubo'),(8,'Yoichi','Takahashi'),(9,'Yusuke','Murata'),(10,'de Groot','Bob'),(11,'Godisiabois','Bernard'),(12,'Ledent','Michel'),(13,'Sobral','Patrick'),(14,'Remi','Georges'),(15,'Cazenove','Christophe'),(16,'Coppée','Thierry'),(18,'Gazzotti','Bruno'),(19,'de Chauveron','Philippe'),(20,'Dairin','Ian'),(21,'Sobral','Patrick'),(22,'Remi','Georges'),(23,'Cazenove','Christophe'),(24,'Coppée','Thierry'),(26,'Vehlmann','Fabien'),(27,'Franz','Ferdinand'),(28,'Lopez','Jean'),(29,'Clerc','Jean-Benoît'),(30,'Fiant','Anthony'),(31,'NancyCoproduction','Hugues'),(32,'Appelt','Nicolas'),(33,'Blangonnet-Auer','Catherine'),(34,'Céline','Louis-Ferdinand'),(35,'Guy','Gauthier');
/*!40000 ALTER TABLE `auteur` ENABLE KEYS */;
UNLOCK TABLES;

--
-- Table structure for table `emprunts`
--

DROP TABLE IF EXISTS `emprunts`;
/*!40101 SET @saved_cs_client     = @@character_set_client */;
/*!40101 SET character_set_client = utf8 */;
CREATE TABLE `emprunts` (
  `id` int(11) NOT NULL AUTO_INCREMENT,
  `utilisateur_id` int(11) DEFAULT NULL,
  `titre` varchar(255) DEFAULT NULL,
  `date_emprunt` date DEFAULT NULL,
  `genre` varchar(50) DEFAULT NULL,
  `auteur` varchar(255) DEFAULT NULL,
  `date_retour_prevue` date DEFAULT NULL,
  `date_retour_effective` date DEFAULT NULL,
  `idlivre` int(11) NOT NULL,
  PRIMARY KEY (`id`),
  KEY `utilisateur_id` (`utilisateur_id`),
  CONSTRAINT `emprunts_ibfk_1` FOREIGN KEY (`utilisateur_id`) REFERENCES `utilisateurs` (`id`)
) ENGINE=InnoDB AUTO_INCREMENT=10 DEFAULT CHARSET=utf8mb4 COLLATE=utf8mb4_general_ci;
/*!40101 SET character_set_client = @saved_cs_client */;

--
-- Dumping data for table `emprunts`
--

LOCK TABLES `emprunts` WRITE;
/*!40000 ALTER TABLE `emprunts` DISABLE KEYS */;
INSERT INTO `emprunts` VALUES (1,NULL,'Avec les fées','3232-03-12','4','33','3221-02-01',NULL,0),(2,NULL,'Dragon Ball Z','2111-03-12','3','11','2123-12-31',NULL,0),(3,NULL,'Documentaire Tintin','1231-03-12','2','15','2331-03-12',NULL,0),(4,NULL,'1984','1322-04-12','4','29','2321-03-12',NULL,0),(5,NULL,'1984','1322-04-12','4','29','2321-03-12',NULL,0),(6,NULL,'1984','1322-04-12','4','29','2321-03-12',NULL,0),(7,NULL,'1984','1322-04-12','4','29','2321-03-12',NULL,0),(8,NULL,'Avec les fées','1312-03-12','2','33','2024-02-12',NULL,0),(9,NULL,'1984','2024-08-08','1','32','2024-10-01',NULL,0);
/*!40000 ALTER TABLE `emprunts` ENABLE KEYS */;
UNLOCK TABLES;

--
-- Table structure for table `livre`
--

DROP TABLE IF EXISTS `livre`;
/*!40101 SET @saved_cs_client     = @@character_set_client */;
/*!40101 SET character_set_client = utf8 */;
CREATE TABLE `livre` (
  `idlivre` int(10) NOT NULL AUTO_INCREMENT,
  `titre` varchar(100) NOT NULL,
  `genre` int(11) NOT NULL,
  `auteur` int(11) NOT NULL,
  `resumeLivre` text NOT NULL,
  `datePublication` date NOT NULL,
  `cotation` varchar(30) NOT NULL,
  `image` varchar(100) NOT NULL,
  PRIMARY KEY (`idlivre`),
  KEY `foreign key` (`genre`,`auteur`) USING BTREE,
  KEY `auteur` (`auteur`)
) ENGINE=InnoDB AUTO_INCREMENT=73 DEFAULT CHARSET=latin1 COLLATE=latin1_swedish_ci;
/*!40101 SET character_set_client = @saved_cs_client */;

--
-- Dumping data for table `livre`
--

LOCK TABLES `livre` WRITE;
/*!40000 ALTER TABLE `livre` DISABLE KEYS */;
INSERT INTO `livre` VALUES (3,'Horimiya',1,2,' Bien qu\'admirée à l\'école pour sa gentillesse et ses prouesses académiques, Kyôko Hori est cependant différente chez elle. Avec ses parents souvent absents pour travailler, Hori doit s\'occuper de son jeune frère et faire le ménage, l\'empêchant ainsi de se socialiser en dehors de l\'école.\r\n\r\n          Izumi Miyamura, un camarade de classe d\'Hori, est considéré comme un otaku maussade avec ses grandes lunettes, ses longs cheveux et sa nature timide et calme. Cependant, il est en réalité une personne gentille et serviable possédant neuf piercings cachés derrière ses longs cheveux et un tatouage le long du dos et de l\'épaule gauche.\r\n          \r\n          Un jour, Hori et Miyamura se croisent en dehors de l\'école par pur hasard. Comment ces deux personnes vont réagir en découvrant la face cachée de l\'autre ?','2007-01-01','20','img/horimiya-tome-3-recto.jpg'),(7,'Olive et Tom ',1,8,'Malgré son jeune âge, Tsubasa Oozora est un petit génie, un Mozart du ballon rond. Son rêve : offrir la coupe du monde au Japon ! Grâce à son mentor, Roberto, un joueur de légende revenu du Brésil, Tsubasa suit un entraînement particulièrement rigoureux et intègre l\'équipe de Nankatsu. C\'est le début d\'une aventure riche en matchs endiablés, en rencontres avec des adversaires redoutables qui finiront par devenir de fidèles compagnons d\'armes, pour aller toujours plus haut, toujours plus loin, toujours plus vite…','1981-04-13','95','img/captain-tsubasa-tome-1-recto.jpg'),(8,'One Piece',1,3,'Gloire, fortune et puissance, c\'est ce que possédait Gold Roger, le tout puissant roi des pirates, avant de mourir sur l\'échafaud. Mais ses dernières paroles ont éveillées bien des convoitises, et lança la fabuleuse \"ère de la piraterie\", chacun voulant trouver le fabuleux trésor qu\'il disait avoir laissé.\r\n\r\n          Bien des années plus tard, Shanks, un redoutable pirate aux cheveux rouges, rencontre Luffy, un jeune garçon d\'une dizaine d\'années dans un petit port de pêche. Il veut devenir pirate et le rejoindre, mais Shanks lui répond qu\'il est trop jeune. Plus tard, Luffy avalera accidentellement le fruit Gomu Gomu qui rendra son corps élastique, mais aussi maudit par les eaux. Incapable de nager, Luffy ne veut pourtant pas renoncer à son rêve. Pour le consoler lorsqu\'il part, Shanks lui offre son chapeau. Luffy jure alors de le rejoindre un jour avec son propre équipage.\r\n\r\n          A 17 ans, Luffy prend la mer dans une petite barque avec pour but de réunir un équipage de pirates, mais de pirates pas comme les autres, qui devront partager sa conception un peu étrange de la piraterie. L\'aventure est lancée','1997-07-22','74','img/one-piece-tome-1_recto.jpg'),(9,'One Punch Man ',1,9,'Lorsque le super-héros Saitama se présente à ses ennemis, ces derniers ne le prennent jamais au sérieux. Il faut dire qu\'entre sa carrure (plutôt banale) et son allure désinvolte, il n\'y a pas vraiment de quoi avoir peur... surtout pour un être surpuissant qui a déjà causé d\'impressionnants ravages. Toutefois, il faut toujours se méfier des apparences car Saitama possède une puissance colossale, qui lui permet de terrasser ses adversaires en un seul coup !\r\n\r\n          Cette puissance est dû à un entrainement très intensif (au point que Saitama en ait perdu ses cheveux) de 3 ans. Le problème, c\'est que depuis, il s\'ennuie. Personne n\'a encore pu rivaliser avec lui et il cherche désespérément celui qui pourra lui offrir un vrai combat.','2009-07-03','96','img/one-punch-man-tome_recto.jpg'),(10,'Léonard : Léonard est un génie',3,10,'Léonard est un génie, un grand génie. D\'ailleurs, le plus grand de son temps ! Il est même très visionnaire mais, voilà, il est aussi incompris par les autres. Et pour l\' aider dans ses expériences, il engage un jeune disciple... qui va découvrir que travailler pour le bien de la science n\'est pas de tout repos.','1974-02-01','56','img/bd1r.jpg'),(11,'Ducobu : Un copieur sachant copier !',3,19,'Ducobu est un cancre astucieux et farceur. 44 pages de gags, chacun en une seule planche, où tout tourne autour de l\'univers scolaire de cet élève -vraiment- pas comme les autres. Son principal ami et confident est le vieux squelette didactique mis dans un coin de la classe où notre ami se retrouve souvent. Et en plus, ce squelette PARLE ! ','2015-03-25','23','img/bd2r.jpg'),(12,'Kid Paddle : Jeux de vilains',3,30,'Il s’appelle Paddle, Kid Paddle et sévit dans le monde quadrillé de la B.D. Kid Paddle a un papa, mais pas de maman, du moins dans cet album qui est mon premier. C’est un petit garçon d’aujourd’hui, de l’âge de l’école primaire ( plusieurs fois évoquée) et surtout, fou, ainsi que ses copains, de jeux vidéos et de monstres. Il est d’ailleurs très fort pour les premiers et en ce qui concerne les seconds, aucun monstre n’est trop terrifiant ou répugnant pour lui. L’innocence de l’enfance lui permet même de se délecter sans aucune arrière-pensée attristante des pires photos médicales… On l’envie.','2015-03-04','67','img/bd3r.jpg'),(13,'Les Légendaires : La Pierre de Jovénia',3,24,'On les surnomme les Légendaires. Ils sont cinq. Ils incarnent les vraies valeurs oubliées (noblesse, courage, intelligence, etc.) Ils sont grands. Ou plutôt, ils l’étaient… Lors de leur dernier combat contre les forces maléfiques, les choses se sont mal terminées, et tous les adultes sont redevenus des enfants ! Aujourd’hui les Légendaires doivent racheter leur bévue… ','2015-03-12','45','img/bd4r.jpg'),(14,'Tintin : Tintin au Congo',3,20,'Les Aventures de Tintin, reporter du Petit Vingtième au Congo (1931) est le reflet d\'une époque coloniale et paternaliste. Pour ces nouvelles aventures, Hergé improvise encore le récit, mais plus pour longtemps. Devenu sorcier au royaume de Babaoro\'m, Tintin déjouera les pièges d\'une bande de gangsters qui souhaitaient contrôler la production de diamant au Congo. L\'Afrique, représentée de manière naïve, reflète l\'esprit paternaliste d\'une Belgique colonialiste au début des années 30. ','2017-03-23','34','img/bd5r.jpg'),(15,'Les Sisters : Un air de famille',3,27,'Du rififi chez les filles : découvrez le quotidien savoureux de deux sœurs volcaniques ! Wendy, c\'est ma grande sister, moi, c\'est Marine, et jsuis la plus petite. Du coup, je saurai jamais ce que ça fait d\'avoir une p\'tite sœur qui fait tout pareil que moi, qui essaye par tous les moyens de forcer les cadenas de mon journal intime, qui fait rien qu\'à me piquer mes fringues dès que j\'ai le dos tourné... en fait, ça m\'aurait trop plu d\'être ma propre sister... juste pour avoir la chance de m\'avoir moi comme sister ! ! ! ','2015-03-18','45','img/bd6r.jpg'),(16,'La Première Guerre Mondiale',2,31,'Quand Katy déménage dans un coin paumé de Virginie-Occidentale, elle s’attend à tout sauf à rencontrer des voisins de son âge. ','2015-03-04','78','img/1er_recto.jpg'),(17,'La Seconde Guerre Mondiale',2,3,'Un panorama complet du plus grand conflit de l\'Histoire, dans un ouvrage richement illustré, à la pagination copieuse.','2018-03-08','45','img/2nd.jpg'),(18,'Avec les fées',5,33,'L\'été venait de commencer quand je partis chercher les fées sur la côte atlantique. Je ne crois pas à leur existence. Aucune fille-libellule ne volette en tutu au-dessus des fontaines.C\'est dommage : les yeux de l\'homme moderne ne captent plus de fantasmagories. Au XIIe siècle, le moindre pâtre cheminait au milieu des fantômes. On vivait dans les visions. Un Belge pâle (et très oublié), Maeterlinck, avait dit : « C\'est bien curieux les hommes... Depuis la mort des fées, ils n\'y voient plus du tout et ne s\'en doutent point. » Le mot fée signifie autre chose. C\'est une qualité du réel révélée par une disposition du regard. Il y a une façon d\'attraper le monde et d\'y déceler le miracle de l\'immémorial et de la perfection. Le reflet revenu du soleil sur la mer, le froissement du vent dans les feuilles d\'un hêtre, le sang sur la neige et la rosée perlant sur une fourrure de mustélidé : là sont les fées.Elles apparaissent parce qu\'on regarde la nature avec déférence. Soudain, un signal. La beauté d\'une forme éclate. Je donne le nom de fée à ce jaillissement. Les promontoires de la Galice, de la Bretagne,de la Cornouailles, du pays de Galles, de l\'île de Man, de l\'Irlande et de l\'Écosse dessinaient un arc. Par voie de mer j\'allais relier les miettes de ce déchiquètement. En équilibre sur cette courbe, on était certain de capter le surgissement du merveilleux. Puisque la nuit était tombée sur ce monde de machines et de banquiers, je me donnais trois mois pour essayer d\'y voir. Je partais. Avec les fées.','2019-03-13','69','img/avec-les-fees-5294706.jpg'),(21,'1984',4,18,'\"De tous les carrefours importants, le visage à la moustache noire vous fixait du regard. Il y en avait un sur le mur d\'en face. BIG BROTHER VOUS REGARDE, répétait la légende, tandis que le regard des yeux noirs pénétrait les yeux de Winston... Au loin, un hélicoptère glissa entre les toits, plana un moment, telle une mouche bleue, puis repartir comme un flèche, dans un vol courbe. C\'était une patrouille qui venait mettre le feu aux fenêtres des gens. Mais les patrouilles n\'avaient pas d\'importance. Seule comptait la Police de la Pensée.\" George Orwell dépeint dans le prophétique -1984- un terrifiant monde totalitaire.','2015-03-26','48','img/1984-72084.jpg'),(22,'Le Passage',4,3,'Il y a un siècle, le monde a sombré dans le chaos. Une épidémie, dont l\'origine ne fut jamais identifiée, a transformé l\'homme en mutant et réduit la civilisation à néant. Les derniers représentants de l\'humanité vivent en colonie, luttant jour après jour pour survivre. Surgie de nulle part, une jeune fille vient à leur rencontre. Elle semble avoir 14 ans. Elle en a cent de plus. Elle est venue sauver le monde. ','2015-03-11','78','img/le-passage-164021.jpg'),(23,'Les Chroniques lunaires, Tome 1 : Cinder',4,22,'MÊME DANS LE FUTUR, LES HISTOIRES COMMENCENT PAR \"IL ÉTAIT UNE FOIS...\". À New Beijing, Cinder est une cyborg. Autant dire un paria. Elle partage sa vie entre l\'atelier où elle répare les robots et sa famille adoptive. À seize ans, la jeune fille a pour seul horizon les tâches les plus ou moins dégradantes qu\'elle doit accomplir pour ses sœurs et sa marâtre. Mais le jour où le prince Kai lui apporte son robot de compagnie - son seul ami -, le destin de Cinder prend un tour inattendu. La forte attirance qu\'éprouvent le beau prince et la jeune cyborg n\'a aucune chance de s\'épanouir, surtout que le royaume est menacé par la terrible reine de la Lune ! Débute alors pour Cinder une aventure incroyable, où elle découvrira que le sort de l\'humanité est peut-être entre ses mains.','2025-03-05','42','img/les-chroniques-lunaires-tome-1-cinder-799496.jpg'),(24,'Les Chroniques lunaires, Tome 4 : Winter',4,14,'On dit que Winter est encore plus belle que la reine Levana... La princesse déteste sa belle-mère, qui désapprouve ses sentiments pour Jacin, le séduisant garde du palais. Mais Winter n\'est pas aussi faible que Levana le croit. Avec l\'aide de Cinder et de ses alliés, elle aurait même le pouvoir de lancer une révolution et de gagner cette guerre qui dure depuis trop longtemps. ','2017-03-09','78','img/les-chroniques-lunaires-tome-4-winter-724891.jpg'),(25,'Vingt mille lieues sous la mer',4,4,'Vingt mille lieues sous les mers est le chef-d\'oeuvre de Jules Verne : mieux qu\'un récit de voyage, mieux qu\'un roman d\'aventures géographiques et scientifiques, mieux qu\'une simple histoire de vengeance. Ou plutôt, tout cela ensemble, mais sublimé. Le poème de la mer, le drame de la révolte absolue, la dernière des grandes légendes romantiques, à jamais engloutie, à jamais conservée dans le silence des mers profondes.','2018-03-09','45','img/vingt-mille-lieues-sous-les-mers-544308.jpg'),(26,'Autre-Monde, Tome 2 : Malronce',4,23,'Imaginez un monde où la nature a repris le pouvoir, où les adultes sont redevenus sauvages et les enfants se sont assemblés en bandes pour survivre, où chaque promenade est une expédition, chaque jour passé, un exploit. Un monde recouvert par un océan de forêts, peuplé de créatures fabuleuses, traversé de courants étranges, d’énergies nouvelles. Un monde nouveau où trois adolescents tentent de déjouer les pièges d’une mystérieuse reine, acharnée à leur perte : Malronce. Oubliez tout ce que vous savez… pénétrez dans Autre-Monde.','2016-03-05','96','img/autre-monde-tome-2-malronce-9314.jpg'),(27,'Autre-Monde, Tome 1 : L\'Alliance des Trois',4,23,'New York, de nos jours. Matt et Tobias sont amis depuis l’enfance, grands amateurs de jeux de rôles, de jeux vidéos. Mais ce qui leur arrive est bien réel. New York est balayée par une tempête sans précédent. Bleus fouillent les immeubles ne laissant des humains que leurs vêtements ou les transformant en mutants répugnants. Matt et Tobias arrivent à fuir sur une île et rejoignent une communauté d’enfants épargnés. Ils sont 77, de 9 à 17 ans, se dénomment les \" Pans \" et s’organisent pour survivre. Leurs ennemis sont les monstres \" Gloutons \" et les \" Cyniks \"humains, \" violents et perfides \", des adultes qui se sont transformés. Les enfants survivants ont développé des dons surnaturels, faire jaillir le feu,créer de l’électricité. Avec Ambre, Matt et Tobias vont former l’alliance des trois et essayer de comprendre et utiliser leur nouvelle nature. Comprendre aussi l’attitude étrange de certains membres de la communauté. ','2019-03-01','53','img/autre-monde-tome-1-lalliance-des-trois-9335.jpg'),(28,'Exofictions, Tome 2 : La Forêt sombre',4,19,'L\'humanité le sait désormais : dans un peu plus de quatre siècles, la flotte trisolarienne envahira le système solaire. La Terre doit impérativement préparer la parade, mais également faire face aux intellectrons qui permettent aux Trisolariens d\'espionner toutes les conversations et tous les ordinateurs. En revanche, ils sont incapables de lire dans l\'âme humaine. Le Conseil de défense planétaire imagine donc un nouveau projet : le programme Colmateur. Quatre individus seront chargés d\'élaborer chacun de leur côté des stratégies pour contrer l\'invasion ennemie. Livrés à eux-mêmes, ils devront penser seuls, et brouiller les pistes. Trois des hommes désignés sont des personnalités politiques et des scientifiques éminents, mais le quatrième est un parfait anonyme. Ce dernier ignore totalement la raison pour laquelle on lui confie cette mission. Tout ce qu\'il sait, c\'est qu\'il est désormais l\'un des Colmateurs, et que les Trisolariens veulent sa mort.','2017-03-11','75','img/exofictions-tome-2-la-foret-sombre-1233144.jpg'),(29,'Le problème a trois corps',4,13,'En pleine Révolution Culturelle, le pouvoir chinois construit une base militaire secrète destinée à abriter un programme de recherche de potentielles civilisations extra-terrestres. Ye Wenjie, une jeune astrophysicienne en cours de “rééducation” parvient à envoyer dans l’espace lointain un message contenant des informations sur la civilisation humaine. Ce signal est intercepté par les Trisolariens, qui s’apprêtent à abandonner leur planète-mère, située à quatre années-lumière de la Terre et menacée d’un effondrement gravitationnel provoqué par les mouvements chaotiques des trois soleils de son système. Ye Wenjie reçoit près de huit ans plus tard la réponse des Trisolariens. Choquée par les horreurs dont elle a été témoin durant la Révolution culturelle et ayant perdu toute foi dans l’homme, elle fournit secrètement aux Trisolariens les coordonnées du système solaire, dans l’espoir que ceux-ci viennent conquérir la Terre et réformer l’humanité. Dans quatre siècles, ils seront là... Premier volume d\'une trilogie culte, récompensé par le Hugo du meilleur roman en 2015, Le Problème à trois corps signale l’arrivée d’un auteur majeur sur la scène de la hard SF.','2017-03-10','45','img/exofictions-tome-1-le-probleme-a-trois-corps-1404496.jpg'),(30,'Les Blagues de Toto : L\'École des vannes',3,29,'Depuis des générations, les enfants se racontent les blagues de Toto. Et pourtant, on en sait très peu sur ce petit bonhomme. Thierry Coppée a sélectionné les meilleures histoires et a donné une famille à ce personnage universel : sa famille, ses amis, sa maîtresse... Chaque page de l\'album est un gag qui fera fureur dans les cours de récré !','2017-03-15','45','img/bd7r.jpg'),(31,'Nelson : Diablotin à domicile',3,2,'Nelson, c\'est ce petit diablotin orange à l\'apparence tout à fait angélique qui pourrit la vie de Julie, une jeune et jolie célibataire, et de Floyd, un labrador engourdi, pour le plus grand bonheur de centaines de milliers de lecteurs. La raison ? Après le vol d\'un rouleau de papier toilette au bureau, Julie se voit condamnée à accueillir, sans possibilité de retour à l\'expéditeur, un petit diable relativement inoffensif... mais hyper doué pour les catastrophes quotidiennes !','2022-03-05','89','img/bd8r.jpg'),(32,'Seuls : Les Terres basses',3,34,'Suite à la véritable guerre de territoire à laquelle se sont livrés les deux clans rivaux, les enfants se sont enfoncés dans la zone rouge qui, elle-même, s\'enfonce dans le sol. Trop tard pour faire demi-tour. Seule solution : trouver des parapentes dans un magasin de sports abandonné et sauter d\'un immeuble assez haut pour s\'envoler vers le sommet de la falaise. Ensuite, jeter des échelles de corde à ceux restés en bas. C\'est en tout cas dans ce défi complètement fou que Dodji et Saul, les deux chefs de clan et ennemis intimes, vont se lancer. Mais le temps presse car les phénomènes inquiétants se multiplient auprès des autres enfants réfugiés au musée : enfant-mystère qu\'on ne peut voir que dans les miroirs, enfants du clan précédemment enlevés qui reviennent, hébétés et le regard vide, vers leurs amis, brume au ras du sol qui cache des créatures rampantes et terrifiantes. Les cinq enfants n\'en ont pas encore fini avec la sinistre zone rouge...','2021-03-06','56','img/bd9r.jpg'),(35,'Boston Belles, Tome 3 : The Monster',5,27,'Terrifiant. Létal. Mythique. Sam Brennan est un monstre. Et pas de ceux qui vous chatouillent l’épaule à la fête foraine. Non, un vrai monstre, qui agit à l’instinct et n’hésite pas à supprimer toute personne qui lui résiste. Grâce à son efficacité redoutable, il fait régner la terreur sur les bas-fonds de Boston et est devenu le bras droit du millionnaire Gerald Fitzpatrick.Sam peut se vanter d’être sans cœur, sans scrupule et même, sans âme. La seule qui semble ne pas le comprendre, c’est Aisling. La fille chérie du boss. Une princesse rougissante, qui est fascinée par lui depuis dix ans – et qui, si on lui en laissait la possibilité, embrasserait le sol sur lequel il marche. Sam pourrait faire d’elle ce qu’il veut, mais il s’abstient. Déjà, ce serait bien trop facile, et il n’est pas si désespéré. Mais surtout, parce qu’il prépare une vengeance spectaculaire à l’encontre de Gerald, son ordure de papounet. Une vengeance qui va détruire l’univers bien protégé de la douce Aisling…','2023-02-13','74','img/avec-les-fees-5294706.jpg'),(36,'Les Fleurs du Mal',5,35,'Ces vers du \"Voyage\" éclairent à eux seul l\'entreprise du poète. Esprit vagabond, toujours mobile, Baudelaire explore les dédales de la conscience. Il atteint tantôt à l\'extase, tantôt se perd dans les abîmes du péché. A travers ses poèmes, il nous fait partager le drame qui se joue en lui et qui n\'est autre que la tragédie humaine. Baudelaire, premier poète moderne, donne à la poésie sa véritable dimension: exprimer, par-delà les mots, ce vertige absolu qui s\'empare de l\'âme. Tout chez lui affirme la nécessité de la souffrance, la fatalité du péché. Tout traduit une âme profondément troublée mais charitable. Baudelaire fait des Fleurs du Mal un immense poème de la vie et du monde.','1857-06-21','100','img/les-fleurs-du-mal_r.jpg'),(37,'La Belgariade',5,27,'Et les dieux créèrent l\'homme, et chaque dieu choisit son peuple. \r\n            Mais Torak, le dieu jaloux, vola l\'Orbe d\'Aldur, le joyau vivant façonné par l\'aîné des dieux, et ce fut la guerre. Le félon fut châtié ; à Cthol Mishrak, la Cité de la Nuit, il dort toujours d\'un long sommeil hanté par la souffrance. Le fleuve des siècles a passé sur les royaumes du Ponant. \r\n            Les livres des présages sont formels : Torak va s\'éveiller. Et justement l\'Orbe disparaît pour la seconde fois. \r\n            Que le maudit la trouve à son réveil et il établira son empire sur toutes choses. Belgarath le sorcier parviendra-t-il à conjurer le sort ? Dans cette partie d\'échecs cosmique, il a réussi à préserver une pièce maîtresse : le dernier descendant des Gardiens de l\'Orbe, \r\n            désigné par les présages, mais qui n\'est encore qu\'un petit garçon. Un simple pion, et si vulnérable... ','1882-04-01','74','img/la-main-gauche-de-la-nuit-5036542.jpg'),(38,'La Main gauche de la nuit',5,27,'Sur Gethen, la planète glacée que les premiers hommes ont baptisée Hiver, il n’y a ni hommes ni femmes, seulement des êtres humains. Des androgynes qui, dans certaines circonstances, \r\n            adoptent les caractères de l’un ou l’autre sexe. Les sociétés nombreuses qui se partagent Gethen portent toutes la marque de cette indifférenciation sexuelle.\r\n             L’Envoyé venu de la Terre, qui passe pour un monstre aux yeux des Géthéniens, parviendra-t-il à leur faire entendre le message de l’Ekumen ?','1969-03-01','65','img/la-main-gauche-de-la-nuit-5036542.jpg'),(39,'Pushing the Limits',5,34,'Echo. Noah. Chacun a vécu un drame. Chacun y survit à sa façon. Echo s\'efforce de revenir à la vie \"normale\"; Noah, au contraire, ne fait plus confiance au \"système\" et accumule les provocations. Ils pourraient se haïr, tant ils sont différents. Pourtant le hasard va les rapprocher. Les obliger à chercher qui ils sont vraiment. Ils vont s\'aimer. Des sentiments si purs qu\'ils les réconcilieront avec les autres. Et surtout avec eux-mêmes.','2012-07-31','74','img/pushing-the-limits-tome-1-hors-limites-1346612.jpg'),(40,'Succomber',5,23,'À dix-huit ans, Nell est inconsolable. Kyle, à la fois son meilleur ami et l’amour de sa vie, meurt accidentellement. Elle sombre dans un chagrin fou dont personne ne semble pouvoir la tirer. Deux ans plus tard, la jeune femme croise le chemin de l’insaisissable Colton, le frère aîné de Kyle. La douleur est toujours vive, mais une irrésistible pulsion l’attire vers lui. \r\n            Passion ? Fureur de vivre ? Un lien unique les unit et les consume au plus profond d’eux-mêmes. Colton pourra-t-il redonner à Nell le goût d’aimer ?\r\n            L’un des premiers titres du genre new adulte, véritable phénomène d’édition. ','2014-01-09','100','img/succomber-tome-1-te-succomber-382855.jpg'),(60,'Les Fantômes',5,9,'Ces vers du \"Voyage\" éclairent à eux seul l\'entreprise du poète. Esprit vagabond, toujours mobile, Baudelaire explore les dédales de la conscience. Il atteint tantôt à l\'extase, tantôt se perd dans les abîmes du péché. A travers ses poèmes, il nous fait partager le drame qui se joue en lui et qui n\'est autre que la tragédie humaine. Baudelaire, premier poète moderne, donne à la poésie sa véritable dimension: exprimer, par-delà les mots, ce vertige absolu qui s\'empare de l\'âme. Tout chez lui affirme la nécessité de la souffrance, la fatalité du péché. Tout traduit une âme profondément troublée mais charitable. Baudelaire fait des Fleurs du Mal un immense poème de la vie et du monde.','2015-04-08','91','img/les-fleurs-du-mal_r.jpg'),(61,'Lux Tome 1',5,34,'Quand Katy déménage dans un coin paumé de Virginie-Occidentale, elle s’attend à tout sauf à rencontrer des voisins de son âge. Déception, Daemon Black a beau être canon et avoir une sœur jumelle adorable, il n’en est pas moins insupportable et arrogant ! Lorsque Kat se rend compte que tout le monde semble fuir la famille Black, elle voit d’un autre œil la froide suffisance de Daemon. Pourra-t-elle encore l’éviter quand tout lui crie de s’en approcher ? ','2020-04-07','59','img/roman1.jpg'),(62,'L\'art documentaire et politique contemporain',2,19,'Cet ouvrage collectif questionne l\'évolution du documentaire de création à consonance politique en ce début de XXIe siècle à travers l\'analyse d\'un grand nombre d\'oeuvres proposant de nouvelles formes d\'engagement. Avec l\'avènement du numérique au XXIe siècle, l\'art documentaire a, comme tant d\'autres domaines, subit de très profondes transformations et se décline désormais dans différents lieux et sous divers formats, allant de la salle de cinéma aux plateformes du web en passant par les musées ou les galeries. Le présent ouvrage porte un regard sur cette évolution récente du documentaire de création à consonance politique. L\'analyse d\'un grand nombre d\'oeuvres, diverses tant dans leurs modes de production que dans leurs propositions esthétiques, y révèle un profond renouvellement des pratiques et des formes artistiques qui ont en commun des modalités inédites d\'engagement. Douze textes et trois rencontres avec des cinéastes (Maria Kourkouta, Nicolas Klotz et Elisabeth Perceval, Mila Turajlic), organisés en trois parties - respectivement axées sur la parole politique, le déracinement et l\'exil, les processus d\'appropriation d\'images et de sons produits par d\'autres - démontrent la grande vitalité de l\'art documentaire qui, à défaut de changer le monde, l\'inscrit et le réfléchit.','2019-04-15','23','img/doc5.jpg'),(63,'Deux minutes et quatorze secondes',2,2,'Eté 1941 sur une plage de la mer baltique. Le clair soleil, le sable, l\'eau, le vent. Des gens se baignent et font des cabrioles dans l\'eau, flirtent, jouent et badinent sur la plage. Quelques heures plus tard, au même endroit, dans des fosses creusées au pied d\'anciennes fortifications russes en face de la mer, on amène d\'autres gens pour y être fusillés. Les personnes qui se baignaient dans la mer et jouaient sur le sable peu avant assistent à la scène. Un sergent de la marine allemande, Reinhard Wiener, filme. Son très court métrage apparaît systématiquement dans les documentaires télévisuels d\'histoire qui traitent de la destruction par fusillade des juifs d\'URSS durant la Seconde guerre mondiale, où il est associé à des événements qui lui sont étrangers par la date et le lieu. Dans cet ouvrage, l\'auteur examine le court-métrage de Reinhard Wiener, le seul film qui nous est parvenu, des exécutions par fusillades des Juifs. Les premières pages sont dévolues à une description du film comme objet matériel, ainsi qu\'à l\'analyse de ce qu\'il montre. S\'ensuit une présentation du contexte historique général, à savoir la destruction par fusillade des juifs lors de l\'opération Barbarossa, dans certaines villes lettones plus particulièrement. La question de l\'usage de ce film par les réalisateurs de films documentaires, des années 1960 aux années 2000 fait également l\'objet d\'une analyse approfondie. La dernière partie de l\'ouvrage est consacrée aux éléments traitant de l\'auteur du film, du lieu et de la date du filmage et enfin de l\'histoire du film.','2016-04-20','53','img/doc3.jpg'),(64,'Le Direct et le numérique',2,29,'L\'objet de cet ouvrage collectif n\'est pas la transition numérique. Plutôt que de traiter les médias analogique et numérique comme deux vastes entités autonomes et cohérentes, il s\'agit de déceler une généalogie singulière, qui se déploie à travers ces deux ensembles. L\'un de noeuds de cette généalogie - c\'est notre hypothèse centrale - se situe au moment de l\'émergence du \"cinéma direct\" , dans les décennies qui suivirent la Seconde Guerre mondiale. Il s\'y articule une réflexion technique - inventer un cinéma léger, mobile et en son synchrone - et un projet politique, lié au contexte de la décolonisation - le \"direct\" comme possibilité extraordinaire de créer des médias décentralisés. D\'alors à aujourd\'hui, c\'est de ce projet que les médias numériques sont aujourd\'hui encore redevables.','2027-04-01','76','img/france-images-mediums-turquety-direct-numerique-1.jpg'),(65,'Documentaire Tintin',2,20,'Numa Sadoul a eu, le premier, l\'idée d\'interviewer longuement le créateur de Tintin. Dans ces entretiens, on découvre la personnalité affable d\'Hergé, sa simplicité, son attachement à la vérité, sa vision de la vie, son humour... On décèle aussi sa réserve, son désir de ne pas décevoir. On découvre le regard qu\'il portait sur son œuvre, sa genèse, les réactions de ses lecteurs, les critiques, le succès. Source première et référence indispensable, Tintin et moi demeure un passage obligé pour l\'approfondissement de l\'œuvre et de la personnalité d\'Hergé.','2019-04-16','43','img/doc_tintin_recto.jpg'),(66,'Filmer la politique',2,30,'Cette période électorale du printemps 2022 est l’occasion pour la revue d’examiner les rapports qui s’établissent entre les acteurs de la vie politique et les cinéastes qui, filmant dans la durée, s’engagent dans un travail au long cours pour éclairer l’exercice (et la conquête) du pouvoir.\r\nNous avons choisi d’interroger ces relations complexes à travers deux séries documentaires exemplaires à cet égard qui introduisent le spectateur dans les coulisses du pouvoir à des périodes et dans des contextes différents : celle d’Hugues Le Paige qui a filmé François Mitterrand à l’Elysée de 1989 à 1995, et celle plus récente de Laurent Cibien qui a suivi le parcours d’Edouard Philippe du Havre à Matignon, de 2004 à 2020. D\'autres films seront également analysés.','2019-04-04','76','img/documentaire2.jpg'),(67,'La paix',2,24,'Introduction, par Catherine Blangonnet-Auer\r\nLa guerre à l\'écran, ses spectateurs, hier et aujourd\'hui, par Gérald Collas\r\nCe que filmer engage, à propos de Affronter l\'obscurité de Jean-Gabriel Périot, par Hervé Nisic\r\nStefano Savona, parler la guerre, par Gabriel Bortzmeyer\r\nSur la route de l\'exode, à propos de Pierre, Feuille, Pistolet de Maciek Hamela, par Lucas Delangle\r\nLes images de guerre à l\'heure du numérique, entretien avec Emeric Lhuisset\r\nFronts communs, à propos des films du collectif Babylon\'13, par Raphaël Nieuwjaer\r\nDes regards qui divisent : filmer la formation militaire, par Romain Lefebvre\r\nL\'œil en guerre, par François Caillat','2019-04-04','79','img/guerre.jpg'),(68,'Le documentaire, un autre cinéma',2,13,'Le développement des caméras légères a donné une nouvelle impulsion et une liberté accrue aux cinéastes qui, depuis l\'invention des frères Lumière, ont choisi de filmer les scénarios du réel, captant loin des studios le mouvement de la vie, sans être dispensé du rigoureux travail d\'écriture qu\'implique toute œuvre de création. Les noms qui jalonnent son long parcours, de Dziga Vertov à Chris Marker, témoignent de la participation active du \"documentaire de création \" à l\'élaboration et au développement du langage cinématographique. L\'auteur analyse, à travers les différentes périodes de l\'histoire (l\'image muette, l\'image commentée, le son synchrone, l\'image numérique) les particularités d\'une esthétique originale. Cette nouvelle édition introduit un chapitre sur les tendances contemporaines du cinéma documentaire qui prolongent ou renouvellent un art désormais planétaire comme le démontre l\'importante Annexe filmographique, en fin d\'ouvrage','2024-04-04','19','img/doc4.jpg');
/*!40000 ALTER TABLE `livre` ENABLE KEYS */;
UNLOCK TABLES;

--
-- Table structure for table `typelivre`
--

DROP TABLE IF EXISTS `typelivre`;
/*!40101 SET @saved_cs_client     = @@character_set_client */;
/*!40101 SET character_set_client = utf8 */;
CREATE TABLE `typelivre` (
  `idtype` int(20) NOT NULL AUTO_INCREMENT,
  `libelle` varchar(20) NOT NULL,
  PRIMARY KEY (`idtype`)
) ENGINE=InnoDB AUTO_INCREMENT=7 DEFAULT CHARSET=utf8mb4 COLLATE=utf8mb4_general_ci;
/*!40101 SET character_set_client = @saved_cs_client */;

--
-- Dumping data for table `typelivre`
--

LOCK TABLES `typelivre` WRITE;
/*!40000 ALTER TABLE `typelivre` DISABLE KEYS */;
INSERT INTO `typelivre` VALUES (1,'Manga'),(2,'Documentaire'),(3,'Bande dessinée'),(4,'Science Fiction'),(5,'Roman');
/*!40000 ALTER TABLE `typelivre` ENABLE KEYS */;
UNLOCK TABLES;

--
-- Table structure for table `utilisateurs`
--

DROP TABLE IF EXISTS `utilisateurs`;
/*!40101 SET @saved_cs_client     = @@character_set_client */;
/*!40101 SET character_set_client = utf8 */;
CREATE TABLE `utilisateurs` (
  `id` int(11) NOT NULL AUTO_INCREMENT,
  `mdp` varchar(255) NOT NULL,
  `pseudo` varchar(20) NOT NULL,
  `prenom` varchar(20) NOT NULL,
  `email` varchar(30) NOT NULL,
  `telephone` varchar(10) NOT NULL,
  `roles` int(11) NOT NULL,
  `date_validation` varchar(10) NOT NULL,
  `connexion` date NOT NULL,
  PRIMARY KEY (`id`)
) ENGINE=InnoDB AUTO_INCREMENT=6 DEFAULT CHARSET=utf8mb4 COLLATE=utf8mb4_general_ci;
/*!40101 SET character_set_client = @saved_cs_client */;

--
-- Dumping data for table `utilisateurs`
--

LOCK TABLES `utilisateurs` WRITE;
/*!40000 ALTER TABLE `utilisateurs` DISABLE KEYS */;
/*!40000 ALTER TABLE `utilisateurs` ENABLE KEYS */;
UNLOCK TABLES;
/*!40103 SET TIME_ZONE=@OLD_TIME_ZONE */;

/*!40101 SET SQL_MODE=@OLD_SQL_MODE */;
/*!40014 SET FOREIGN_KEY_CHECKS=@OLD_FOREIGN_KEY_CHECKS */;
/*!40014 SET UNIQUE_CHECKS=@OLD_UNIQUE_CHECKS */;
/*!40101 SET CHARACTER_SET_CLIENT=@OLD_CHARACTER_SET_CLIENT */;
/*!40101 SET CHARACTER_SET_RESULTS=@OLD_CHARACTER_SET_RESULTS */;
/*!40101 SET COLLATION_CONNECTION=@OLD_COLLATION_CONNECTION */;
/*!40111 SET SQL_NOTES=@OLD_SQL_NOTES */;

-- Dump completed on 2025-03-10 14:39:01
